{"cameraMode":{"drawMode":0,"name":"Shaded","section":"Shading Mode"},"sceneLighting":true,"audioPlay":false,"sceneViewState":{"m_AlwaysRefresh":false,"showFog":true,"showSkybox":true,"showFlares":true,"showImageEffects":true,"showParticleSystems":true,"showVisualEffectGraphs":true,"m_FxEnabled":true},"in2DMode":false,"pivot":{"x":-0.5536132454872131,"y":1.6125801801681519,"z":-0.3452306091785431},"rotation":{"x":-0.11337275803089142,"y":-0.8590307831764221,"z":0.21651215851306916,"w":-0.4498322010040283},"size":0.42127951979637148,"orthographic":true}